Frame,DroneE,DroneN,RGVE,RGVN
1,0.0,0.0,0,0
2,0.0,0.0,0,0
3,0.0,0.0,0,0
4,0.0,0.0,0,0
5,-0.08540216768933322,-0.111062758999533,0,0
6,-0.08540216768933322,-0.111062758999533,0,0
7,-0.08540216768933322,-0.111062758999533,0,0
8,-0.08540216768933322,-0.111062758999533,0,0
9,-0.08540216768933322,-0.111062758999533,0,0
10,-0.08540216768933322,-0.111062758999533,0,0
11,-0.17080433676697,-0.22212551735775543,0,0
12,-0.17080433676697,-0.22212551735775543,0,0
13,-0.17080433676697,-0.22212551735775543,0,0
14,-0.17080433676697,-0.22212551735775543,0,0
15,-0.17080433676697,-0.22212551735775543,0,0
16,-0.17080433676697,-0.22212551735775543,0,0
17,-0.17080433676697,-0.22212551735775543,0,0
18,-0.25620650931536565,-0.33318827357770797,0,0
19,-0.25620650931536565,-0.33318827357770797,0,0
20,-0.34160867824452334,-0.3331882703577661,0,0
21,-0.34160867824452334,-0.3331882703577661,0,0
22,-0.34160867824452334,-0.3331882703577661,0,0
23,-0.34160867824452334,-0.3331882703577661,0,0
24,-0.34160867824452334,-0.3331882703577661,0,0
25,-0.34160867824452334,-0.3331882703577661,0,0
26,-0.42701085534639566,-0.4442510276536856,0,0
27,-0.42701085534639566,-0.4442510276536856,0,0
28,-0.42701085534639566,-0.4442510276536856,0,0
29,-0.42701085534639566,-0.4442510276536856,0,0
30,-0.42701085534639566,-0.4442510276536856,0,0
31,-0.42701085534639566,-0.4442510276536856,0,0
32,-0.5124130330189658,-0.5553137813259381,0,0
33,-0.5124130330189658,-0.5553137813259381,0,0
34,-0.5124130330189658,-0.5553137813259381,0,0
35,-0.5978152054391193,-0.5553137749939996,0,0
36,-0.5978152054391193,-0.5553137749939996,0,0
37,-0.5978152054391193,-0.5553137749939996,0,0
38,-0.6832173868070864,-0.6663765272806663,0,0
39,-0.6832173868070864,-0.6663765272806663,0,0
40,-0.6832173868070864,-0.6663765272806663,0,0
41,-0.6832173868070864,-0.6663765272806663,0,0
42,-0.6832173868070864,-0.6663765272806663,0,0
43,-0.6832173868070864,-0.6663765272806663,0,0
44,-0.7686195716255758,-0.7774392787594522,0,0
45,-0.7686195716255758,-0.7774392787594522,0,0
46,-0.7686195716255758,-0.7774392787594522,0,0
47,-0.8540217457396186,-0.7774392690006429,0,0
48,-0.8540217457396186,-0.7774392690006429,0,0
49,-0.8540217457396186,-0.7774392690006429,0,0
50,-0.9394239356215718,-0.8885020187129342,0,0
51,-0.9394239356215718,-0.8885020187129342,0,0
52,-0.9394239356215718,-0.8885020187129342,0,0
53,-1.0248261106746415,-0.8885020078774336,0,0
54,-1.0248261106746415,-0.8885020078774336,0,0
55,-1.0248261106746415,-0.8885020078774336,0,0
56,-1.110228303149037,-0.9995647553902784,0,0
57,-1.110228303149037,-0.9995647553902784,0,0
58,-1.110228303149037,-0.9995647553902784,0,0
59,-1.195630479630884,-0.9995647423226763,0,0
60,-1.195630479630884,-0.9995647423226763,0,0
61,-1.195630479630884,-0.9995647423226763,0,0
62,-1.2810326755760388,-1.1106274880539138,0,0
63,-1.2810326755760388,-1.1106274880539138,0,0
64,-1.2810326755760388,-1.1106274880539138,0,0
65,-1.3664348743180372,-1.2216902311721412,0,0
66,-1.3664348743180372,-1.2216902311721412,0,0
67,-1.3664348743180372,-1.2216902311721412,0,0
68,-1.4518370540460048,-1.2216902155702476,0,0
69,-1.4518370540460048,-1.2216902155702476,0,0
70,-1.4518370540460048,-1.2216902155702476,0,0
71,-1.5372392555646104,-1.332752959545828,0,0
72,-1.5372392555646104,-1.332752959545828,0,0
73,-1.5372392555646104,-1.332752959545828,0,0
74,-1.6226414369459936,-1.3327529417511923,0,0
75,-1.6226414369459936,-1.3327529417511923,0,0
76,-1.6226414369459936,-1.3327529417511923,0,0
77,-1.7080436167751454,-1.3327529230639774,0,0
78,-1.7080436167751454,-1.3327529230639774,0,0
79,-1.7080436167751454,-1.3327529230639774,0,0
80,-1.793445798217239,-1.3327529034181484,0,0
81,-1.793445798217239,-1.3327529034181484,0,0
82,-1.793445798217239,-1.3327529034181484,0,0
83,-1.8788480078207908,-1.4438156419835968,0,0
84,-1.8788480078207908,-1.4438156419835968,0,0
85,-1.8788480078207908,-1.4438156419835968,0,0
86,-1.9642501893438322,-1.4438156198695111,0,0
87,-1.9642501893438322,-1.4438156198695111,0,0
88,-1.9642501893438322,-1.4438156198695111,0,0
89,-2.049652401723991,-1.554878356795676,0,0
90,-2.049652401723991,-1.554878356795676,0,0
91,-2.049652401723991,-1.554878356795676,0,0
92,-2.135054615553164,-1.665941092655987,0,0
93,-2.135054615553164,-1.665941092655987,0,0
94,-2.135054615553164,-1.665941092655987,0,0
95,-2.220456799403536,-1.6659410684672367,0,0
96,-2.220456799403536,-1.6659410684672367,0,0
97,-2.220456799403536,-1.6659410684672367,0,0
98,-2.3058590178266587,-1.7770038027427366,0,0
99,-2.3058590178266587,-1.7770038027427366,0,0
100,-2.3058590178266587,-1.7770038027427366,0,0
101,-2.3912612053724276,-1.7770037760984136,0,0
102,-2.3912612053724276,-1.7770037760984136,0,0
103,-2.3912612053724276,-1.7770037760984136,0,0
104,-2.5620655764609497,-1.7770037208671718,0,0
105,-2.5620655764609497,-1.7770037208671718,0,0
106,-2.5620655764609497,-1.7770037208671718,0,0
107,-2.6474678002531227,-1.888066450590617,0,0
108,-2.6474678002531227,-1.888066450590617,0,0
109,-2.6474678002531227,-1.888066450590617,0,0
110,-2.7328700277204563,-1.9991291799022033,0,0
111,-2.7328700277204563,-1.9991291799022033,0,0
112,-2.7328700277204563,-1.9991291799022033,0,0
113,-2.9036744049328895,-1.9991291170554029,0,0
114,-2.9036744049328895,-1.9991291170554029,0,0
115,-2.9036744049328895,-1.9991291170554029,0,0
116,-2.989076636380969,-2.1101918420995824,0,0
117,-2.989076636380969,-2.1101918420995824,0,0
118,-2.989076636380969,-2.1101918420995824,0,0
119,-3.0744788710346955,-2.2212545683402354,0,0
120,-3.0744788710346955,-2.2212545683402354,0,0
121,-3.0744788710346955,-2.2212545683402354,0,0
122,-3.1598811070969623,-2.332317292252527,0,0
123,-3.1598811070969623,-2.332317292252527,0,0
124,-3.1598811070969623,-2.332317292252527,0,0
125,-3.330685492331599,-2.3323172190197208,0,0
126,-3.330685492331599,-2.3323172190197208,0,0
127,-3.330685492331599,-2.3323172190197208,0,0
128,-3.4160876845299954,-2.3323171813990027,0,0
129,-3.4160876845299954,-2.3323171813990027,0,0
130,-3.4160876845299954,-2.3323171813990027,0,0
131,-3.586892120711678,-2.4433798621732032,0,0
132,-3.586892120711678,-2.4433798621732032,0,0
133,-3.586892120711678,-2.4433798621732032,0,0
134,-3.6722943667369443,-2.554442581375278,0,0
135,-3.6722943667369443,-2.554442581375278,0,0
136,-3.6722943667369443,-2.554442581375278,0,0
137,-3.8430987568690846,-2.554442496588372,0,0
138,-3.8430987568690846,-2.554442496588372,0,0
139,-3.8430987568690846,-2.554442496588372,0,0
140,-3.9285010089170784,-2.665505211616872,0,0
141,-3.9285010089170784,-2.665505211616872,0,0
142,-3.9285010089170784,-2.665505211616872,0,0
143,-4.099305400354542,-2.665505121473184,0,0
144,-4.099305400354542,-2.665505121473184,0,0
145,-4.099305400354542,-2.665505121473184,0,0
146,-4.184707656363045,-2.776567833921329,0,0
147,-4.184707656363045,-2.776567833921329,0,0
148,-4.184707656363045,-2.776567833921329,0,0
149,-4.270109854970704,-2.7765677868732186,0,0
150,-4.270109854970704,-2.7765677868732186,0,0
151,-4.270109854970704,-2.7765677868732186,0,0
152,-4.440914313383446,-2.887630448515671,0,0
153,-4.440914313383446,-2.887630448515671,0,0
154,-4.440914313383446,-2.887630448515671,0,0
155,-4.526316577027619,-2.9986931569016146,0,0
156,-4.526316577027619,-2.9986931569016146,0,0
157,-4.526316577027619,-2.9986931569016146,0,0
158,-4.611718776900127,-2.9986931057308506,0,0
159,-4.611718776900127,-2.9986931057308506,0,0
160,-4.611718776900127,-2.9986931057308506,0,0
161,-4.697121044525046,-3.1097558116326995,0,0
162,-4.697121044525046,-3.1097558116326995,0,0
163,-4.697121044525046,-3.1097558116326995,0,0
164,-4.7825232467248835,-3.1097557583872715,0,0
165,-4.7825232467248835,-3.1097557583872715,0,0
166,-4.7825232467248835,-3.1097557583872715,0,0
167,-4.8679255177598515,-3.2208184640020434,0,0
168,-4.8679255177598515,-3.2208184640020434,0,0
169,-4.8679255177598515,-3.2208184640020434,0,0
170,-4.953327720245038,-3.2208184089447816,0,0
171,-4.953327720245038,-3.2208184089447816,0,0
172,-4.953327720245038,-3.2208184089447816,0,0
173,-5.038729995280988,-3.331881111815057,0,0
174,-5.038729995280988,-3.331881111815057,0,0
175,-5.038729995280988,-3.331881111815057,0,0
176,-5.124132198500801,-3.33188105502468,0,0
177,-5.124132198500801,-3.33188105502468,0,0
178,-5.124132198500801,-3.33188105502468,0,0
179,-5.209534402435001,-3.331880997118253,0,0
180,-5.209534402435001,-3.331880997118253,0,0
181,-5.209534402435001,-3.331880997118253,0,0
182,-5.209534478335103,-3.4429437555399183,0,0
183,-5.209534478335103,-3.4429437555399183,0,0
184,-5.209534478335103,-3.4429437555399183,0,0
185,-5.294936683208331,-3.4429436965567994,0,0
186,-5.294936683208331,-3.4429436965567994,0,0
187,-5.294936683208331,-3.4429436965567994,0,0
188,-5.380338887448118,-3.4429436362214743,0,0
189,-5.380338887448118,-3.4429436362214743,0,0
190,-5.380338887448118,-3.4429436362214743,0,0
191,-5.465741171692206,-3.554006335305063,0,0
192,-5.465741171692206,-3.554006335305063,0,0
193,-5.465741171692206,-3.554006335305063,0,0
194,-5.551143376666618,-3.554006273236623,0,0
195,-5.551143376666618,-3.554006273236623,0,0
196,-5.551143376666618,-3.554006273236623,0,0
197,-5.636545583029334,-3.5540062101702095,0,0
198,-5.636545583029334,-3.5540062101702095,0,0
199,-5.636545583029334,-3.5540062101702095,0,0
200,-5.721947873500551,-3.6650689057366472,0,0
201,-5.721947873500551,-3.6650689057366472,0,0
202,-5.721947873500551,-3.6650689057366472,0,0
203,-5.807350080148615,-3.6650688408584005,0,0
204,-5.807350080148615,-3.6650688408584005,0,0
205,-5.807350080148615,-3.6650688408584005,0,0
206,-5.892752373232511,-3.7761315336083277,0,0
207,-5.892752373232511,-3.7761315336083277,0,0
208,-5.892752373232511,-3.7761315336083277,0,0
209,-5.97815458083984,-3.7761314670363246,0,0
210,-5.97815458083984,-3.7761314670363246,0,0
211,-5.97815458083984,-3.7761314670363246,0,0
212,-6.063556789610834,-3.7761313994269905,0,0
213,-6.063556789610834,-3.7761313994269905,0,0
214,-6.063556789610834,-3.7761313994269905,0,0
215,-6.148959086859641,-3.88719409096631,0,0
216,-6.148959086859641,-3.88719409096631,0,0
217,-6.148959086859641,-3.88719409096631,0,0
218,-6.148959086859641,-3.88719409096631,0,0
219,-6.148959086859641,-3.88719409096631,0,0
220,-6.148959086859641,-3.88719409096631,0,0
221,-6.234361388947274,-3.998256779986452,0,0
222,-6.234361388947274,-3.998256779986452,0,0
223,-6.234361388947274,-3.998256779986452,0,0
224,-6.319763598718005,-3.9982567094492327,0,0
225,-6.319763598718005,-3.9982567094492327,0,0
226,-6.319763598718005,-3.9982567094492327,0,0
227,-6.405165903562008,-4.109319397803818,0,0
228,-6.405165903562008,-4.109319397803818,0,0
229,-6.405165903562008,-4.109319397803818,0,0
230,-6.490568209405748,-4.220382084300505,0,0
231,-6.490568209405748,-4.220382084300505,0,0
232,-6.490568209405748,-4.220382084300505,0,0
233,-6.575970423116752,-4.220382010730008,0,0
234,-6.575970423116752,-4.220382010730008,0,0
235,-6.575970423116752,-4.220382010730008,0,0
236,-6.6613727340441935,-4.331444694486475,0,0
237,-6.6613727340441935,-4.331444694486475,0,0
238,-6.6613727340441935,-4.331444694486475,0,0
239,-6.746775047238255,-4.442507379446119,0,0
240,-6.746775047238255,-4.442507379446119,0,0
241,-6.746775047238255,-4.442507379446119,0,0
242,-6.832177261928759,-4.442507303564802,0,0
243,-6.832177261928759,-4.442507303564802,0,0
244,-6.832177261928759,-4.442507303564802,0,0
245,-6.917579579103567,-4.553569984613702,0,0
246,-6.917579579103567,-4.553569984613702,0,0
247,-6.917579579103567,-4.553569984613702,0,0
248,-6.917579680219803,-4.664632742638153,0,0
249,-6.917579680219803,-4.664632742638153,0,0
250,-6.917579680219803,-4.664632742638153,0,0
251,-7.002981999742177,-4.775695423848624,0,0
252,-7.002981999742177,-4.775695423848624,0,0
253,-7.002981999742177,-4.775695423848624,0,0
254,-7.088384323164351,-4.886758103259945,0,0
255,-7.088384323164351,-4.886758103259945,0,0
256,-7.088384323164351,-4.886758103259945,0,0
257,-7.173786544081984,-4.8867580235048145,0,0
258,-7.173786544081984,-4.8867580235048145,0,0
259,-7.173786544081984,-4.8867580235048145,0,0
260,-7.259188871219791,-4.9978207012701485,0,0
261,-7.259188871219791,-4.9978207012701485,0,0
262,-7.259188871219791,-4.9978207012701485,0,0
263,-7.344591092443011,-4.99782061908612,0,0
264,-7.344591092443011,-4.99782061908612,0,0
265,-7.344591092443011,-4.99782061908612,0,0
266,-7.429993423276215,-5.108883295465867,0,0
267,-7.429993423276215,-5.108883295465867,0,0
268,-7.429993423276215,-5.108883295465867,0,0
269,-7.515395645907975,-5.108883211666802,0,0
270,-7.515395645907975,-5.108883211666802,0,0
271,-7.515395645907975,-5.108883211666802,0,0
272,-7.515395755783072,-5.2199459697491335,0,0
273,-7.515395755783072,-5.2199459697491335,0,0
274,-7.515395755783072,-5.2199459697491335,0,0
275,-7.600797980477051,-5.219945885070173,0,0
276,-7.600797980477051,-5.219945885070173,0,0
277,-7.600797980477051,-5.219945885070173,0,0
278,-7.6862002052115015,-5.219945799157085,0,0
279,-7.6862002052115015,-5.219945799157085,0,0
280,-7.6862002052115015,-5.219945799157085,0,0
281,-7.771602543475973,-5.331008470104882,0,0
282,-7.771602543475973,-5.331008470104882,0,0
283,-7.771602543475973,-5.331008470104882,0,0
284,-7.8570047684957744,-5.331008382379959,0,0
285,-7.8570047684957744,-5.331008382379959,0,0
286,-7.8570047684957744,-5.331008382379959,0,0
287,-7.8570047684957744,-5.331008382379959,0,0
288,-7.8570047684957744,-5.331008382379959,0,0
289,-7.8570047684957744,-5.331008382379959,0,0
290,-7.942407110190533,-5.4420710545635895,0,0
291,-7.942407110190533,-5.4420710545635895,0,0
292,-7.942407110190533,-5.4420710545635895,0,0
293,-8.02780933663911,-5.442070964606566,0,0
294,-8.02780933663911,-5.442070964606566,0,0
295,-8.02780933663911,-5.442070964606566,0,0
296,-8.113211565129669,-5.442070874386711,0,0
297,-8.113211565129669,-5.442070874386711,0,0
298,-8.113211565129669,-5.442070874386711,0,0
299,-8.198613791394083,-5.442070783156199,0,0
300,-8.198613791394083,-5.442070783156199,0,0
301,-8.198613791394083,-5.442070783156199,0,0
302,-8.284016139396917,-5.553133448997759,0,0
303,-8.284016139396917,-5.553133448997759,0,0
304,-8.284016139396917,-5.553133448997759,0,0
305,-8.369418367110345,-5.5531333549180815,0,0
306,-8.369418367110345,-5.5531333549180815,0,0
307,-8.369418367110345,-5.5531333549180815,0,0
308,-8.454820595722325,-5.553133260995841,0,0
309,-8.454820595722325,-5.553133260995841,0,0
310,-8.454820595722325,-5.553133260995841,0,0
311,-8.54022282302695,-5.553133165603315,0,0
312,-8.54022282302695,-5.553133165603315,0,0
313,-8.54022282302695,-5.553133165603315,0,0
314,-8.625625178645215,-5.664195828356401,0,0
315,-8.625625178645215,-5.664195828356401,0,0
316,-8.625625178645215,-5.664195828356401,0,0
317,-8.71102740737862,-5.664195730731775,0,0
318,-8.71102740737862,-5.664195730731775,0,0
319,-8.71102740737862,-5.664195730731775,0,0
320,-8.88183186604956,-5.6641955332110605,0,0
321,-8.88183186604956,-5.6641955332110605,0,0
322,-8.88183186604956,-5.6641955332110605,0,0
323,-8.967234226547125,-5.775258191854176,0,0
324,-8.967234226547125,-5.775258191854176,0,0
325,-8.967234226547125,-5.775258191854176,0,0
326,-9.052636456770017,-5.775258090146256,0,0
327,-9.052636456770017,-5.775258090146256,0,0
328,-9.052636456770017,-5.775258090146256,0,0
329,-9.138038822351282,-5.886320746762475,0,0
330,-9.138038822351282,-5.886320746762475,0,0
331,-9.138038822351282,-5.886320746762475,0,0
332,-9.2234410535132,-5.886320643977864,0,0
333,-9.2234410535132,-5.886320643977864,0,0
334,-9.2234410535132,-5.886320643977864,0,0
335,-9.308843421666673,-5.997383299725026,0,0
336,-9.308843421666673,-5.997383299725026,0,0
337,-9.308843421666673,-5.997383299725026,0,0
338,-9.394245791248924,-6.108445952526762,0,0
339,-9.394245791248924,-6.108445952526762,0,0
340,-9.394245791248924,-6.108445952526762,0,0
341,-9.479648025901835,-6.108445846630153,0,0
342,-9.479648025901835,-6.108445846630153,0,0
343,-9.479648025901835,-6.108445846630153,0,0
344,-9.5650504012417,-6.219508497166409,0,0
345,-9.5650504012417,-6.219508497166409,0,0
346,-9.5650504012417,-6.219508497166409,0,0
347,-9.650452777295953,-6.330571148726587,0,0
348,-9.650452777295953,-6.330571148726587,0,0
349,-9.650452777295953,-6.330571148726587,0,0
350,-9.735855156331217,-6.441633798590581,0,0
351,-9.735855156331217,-6.441633798590581,0,0
352,-9.735855156331217,-6.441633798590581,0,0
353,-9.82125739429096,-6.441633688308489,0,0
354,-9.82125739429096,-6.441633688308489,0,0
355,-9.82125739429096,-6.441633688308489,0,0
356,-9.906659632475343,-6.441633578065755,0,0
357,-9.906659632475343,-6.441633578065755,0,0
358,-9.906659632475343,-6.441633578065755,0,0
359,-9.992062015756463,-6.552696224250885,0,0
360,-9.992062015756463,-6.552696224250885,0,0
361,-9.992062015756463,-6.552696224250885,0,0
362,-10.077464256492814,-6.552696111972846,0,0
363,-10.077464256492814,-6.552696111972846,0,0
364,-10.077464256492814,-6.552696111972846,0,0
365,-10.16286664342886,-6.663758757649857,0,0
366,-10.16286664342886,-6.663758757649857,0,0
367,-10.16286664342886,-6.663758757649857,0,0
368,-10.333671124409776,-6.663758527422122,0,0
369,-10.333671124409776,-6.663758527422122,0,0
370,-10.333671124409776,-6.663758527422122,0,0
371,-10.419073365737061,-6.663758410903352,0,0
372,-10.419073365737061,-6.663758410903352,0,0
373,-10.419073365737061,-6.663758410903352,0,0
374,-10.504475759859499,-6.77482105208278,0,0
375,-10.504475759859499,-6.77482105208278,0,0
376,-10.504475759859499,-6.77482105208278,0,0
377,-10.589878002390922,-6.774820933292549,0,0
378,-10.589878002390922,-6.774820933292549,0,0
379,-10.589878002390922,-6.774820933292549,0,0
380,-10.675280399310203,-6.885883572928955,0,0
381,-10.675280399310203,-6.885883572928955,0,0
382,-10.675280399310203,-6.885883572928955,0,0
383,-10.760682642800893,-6.885883452444968,0,0
384,-10.760682642800893,-6.885883452444968,-12.65683796552973,-9.785010943149498
385,-10.760682642800893,-6.885883452444968,-12.63605589977587,-9.793889616164979
386,-10.931487288355273,-6.996945967719298,-12.77455473694513,-9.883770984268843
387,-10.931487288355273,-6.996945967719298,0,0
388,-10.931487288355273,-6.996945967719298,-12.705538576915654,-9.844564348608719
389,-11.016889533274737,-6.996945845003211,0,0
390,-11.016889533274737,-6.996945845003211,-12.738157147832924,-9.832094578609144
391,-11.016889533274737,-6.996945845003211,0,0
392,-11.1022917777854,-6.996945720974274,0,0
393,-11.1022917777854,-6.996945720974274,0,0
394,-11.1022917777854,-6.996945720974274,0,0
395,-11.187694184932793,-7.108008353279045,0,0
396,-11.187694184932793,-7.108008353279045,0,0
397,-11.187694184932793,-7.108008353279045,0,0
398,-11.273096430851995,-7.108008227635073,0,0
399,-11.273096430851995,-7.108008227635073,-12.691483839756941,-9.73117006592647
400,-11.273096430851995,-7.108008227635073,0,0
401,-11.358498675913118,-7.108008100599535,0,0
402,-11.358498675913118,-7.108008100599535,0,0
403,-11.358498675913118,-7.108008100599535,-12.66138019500799,-9.652186860603269
404,-11.443901089042765,-7.219070730678183,0,0
405,-11.443901089042765,-7.219070730678183,0,0
406,-11.443901089042765,-7.219070730678183,0,0
407,-11.529303504254868,-7.330133359973197,-12.735777370576688,-9.824238482103716
408,-11.529303504254868,-7.330133359973197,0,0
409,-11.529303504254868,-7.330133359973197,-12.678561512285928,-9.764041665840221
410,-11.529303672568268,-7.44119611829299,0,0
411,-11.529303672568268,-7.44119611829299,-12.627640849083999,-9.810605262042666
412,-11.529303672568268,-7.44119611829299,0,0
413,-11.614705922243578,-7.441195988342252,0,0
414,-11.614705922243578,-7.441195988342252,0,0
415,-11.614705922243578,-7.441195988342252,-12.63005335281023,-9.745455355323184
416,-11.700108341865468,-7.552258616562279,0,0
417,-11.700108341865468,-7.552258616562279,-12.659358763636162,-9.78702307915303
418,-11.700108341865468,-7.552258616562279,-12.639227047631454,-9.783868764461557
419,-11.785510764733475,-7.6633212426046775,0,0
420,-11.785510764733475,-7.6633212426046775,0,0
421,-11.785510764733475,-7.6633212426046775,0,0
422,-11.78551093676251,-7.774384001061795,0,0
423,-11.78551093676251,-7.774384001061795,0,0
424,-11.78551093676251,-7.774384001061795,-12.563359755055686,-9.819266769329618
425,-11.87091318947954,-7.77438386792034,-12.627856110732365,-9.80913551047968
426,-11.87091318947954,-7.77438386792034,0,0
427,-11.87091318947954,-7.77438386792034,0,0
428,-11.956315618084927,-7.885446494097634,0,0
429,-11.956315618084927,-7.885446494097634,0,0
430,-11.956315618084927,-7.885446494097634,-12.570702623076404,-9.802301174634703
431,-12.041718047730525,-7.9965091161129145,-12.63021408444233,-9.888814202417159
432,-12.041718047730525,-7.9965091161129145,-12.612046530391313,-9.90232484595726
433,-12.041718047730525,-7.9965091161129145,0,0
434,-12.127120303673438,-7.996508981054234,-12.626710129771068,-9.83070571940594
435,-12.127120303673438,-7.996508981054234,-12.600002289764838,-9.791545618647264
436,-12.127120303673438,-7.996508981054234,-12.569767304074428,-9.764558631264858
437,-12.212522736769559,-8.107571602618297,0,0
438,-12.212522736769559,-8.107571602618297,0,0
439,-12.212522736769559,-8.107571602618297,0,0
440,-12.297924993691973,-8.107571465248796,-12.628153667272398,-9.794440802817261
441,-12.297924993691973,-8.107571465248796,0,0
442,-12.297924993691973,-8.107571465248796,0,0
443,-12.38332743093277,-8.218634084792665,-12.624341921376898,-9.816987815440095
444,-12.38332743093277,-8.218634084792665,0,0
445,-12.38332743093277,-8.218634084792665,0,0
446,-12.468729690427388,-8.218633944770795,-12.622037460784814,-9.746564572529785
447,-12.468729690427388,-8.218633944770795,0,0
448,-12.468729690427388,-8.218633944770795,0,0
449,-12.55413213093454,-8.329696562946621,0,0
450,-12.55413213093454,-8.329696562946621,0,0
451,-12.55413213093454,-8.329696562946621,0,0
452,-12.639534575341491,-8.44075917967996,0,0
453,-12.639534575341491,-8.44075917967996,0,0
454,-12.639534575341491,-8.44075917967996,0,0
455,-12.724937020707706,-8.55182179578953,0,0
456,-12.724937020707706,-8.55182179578953,0,0
457,-12.724937020707706,-8.55182179578953,0,0
458,-12.810339283019408,-8.551821652537587,0,0
459,-12.810339283019408,-8.551821652537587,0,0
460,-12.810339283019408,-8.551821652537587,0,0
461,-12.89574173257077,-8.662884266462823,0,0
462,-12.89574173257077,-8.662884266462823,0,0
463,-12.89574173257077,-8.662884266462823,0,0
464,-12.981143996964924,-8.662884121713919,-12.496279379155807,-9.79114203180265
465,-12.981143996964924,-8.662884121713919,-12.462191915854579,-9.75846740643546
466,-12.981143996964924,-8.662884121713919,-12.416272843247803,-9.75028059797331
467,-13.066546451130474,-8.773946732367294,0,0
468,-13.066546451130474,-8.773946732367294,-12.430939998894644,-9.82582565786289
469,-13.066546451130474,-8.773946732367294,-12.385734136598519,-9.808195759695515
470,-13.237350978058936,-8.77394643757874,-12.520272567526952,-9.79211076070444
471,-13.237350978058936,-8.77394643757874,0,0
472,-13.237350978058936,-8.77394643757874,-12.431472326343707,-9.76908390572779
473,-13.322753437553061,-8.885009046340837,-12.486326154462423,-9.852142917715717
474,-13.322753437553061,-8.885009046340837,0,0
475,-13.322753437553061,-8.885009046340837,-12.398718567964947,-9.830685574846662
476,-13.40815570460037,-8.885008896471307,0,0
477,-13.40815570460037,-8.885008896471307,-12.417882822219187,-9.790703959975787
478,-13.40815570460037,-8.885008896471307,0,0
479,-13.49355816640159,-8.99607150448913,0,0
480,-13.49355816640159,-8.99607150448913,-12.373503275243563,-9.852351560155698
481,-13.49355816640159,-8.99607150448913,-12.348629140996222,-9.829181961171985
482,-13.66436269953491,-8.99607119961676,0,0
483,-13.66436269953491,-8.99607119961676,-12.424672383473748,-9.802895682395247
484,-13.66436269953491,-8.99607119961676,-12.396275257760376,-9.776498480831169
485,-13.749765167379094,-9.107133803557268,-12.428179894380108,-9.876611773245184
486,-13.749765167379094,-9.107133803557268,0,0
487,-13.749765167379094,-9.107133803557268,-12.341934863776691,-9.840545556458755
488,-13.835167434812936,-9.107133648790581,-12.410808693523094,-9.808976657461258
489,-13.835167434812936,-9.107133648790581,-12.357254004961796,-9.794857546961671
490,-13.835167434812936,-9.107133648790581,0,0
491,-14.005972176093453,-9.218196094407894,-12.459076952089958,-9.87022783989197
492,-14.005972176093453,-9.218196094407894,-12.40200734000213,-9.854045822382647
493,-14.005972176093453,-9.218196094407894,-12.357296967444945,-9.829971767136382
494,-14.091374445874862,-9.218195936949481,-12.385000031268248,-9.829442776384509
495,-14.091374445874862,-9.218195936949481,-12.339637274486046,-9.805525707936296
496,-14.091374445874862,-9.218195936949481,-12.313961275455696,-9.777797891798182
497,-14.262179192135862,-9.329258376084828,-12.467858485759649,-9.873916081170357
498,-14.262179192135862,-9.329258376084828,-12.405196140381038,-9.855964543496288
499,-14.262179192135862,-9.329258376084828,-12.363651671906943,-9.833941537515358
500,-14.347581463141648,-9.32925821573789,-12.393063942329187,-9.828598981615185
501,-14.347581463141648,-9.32925821573789,-12.353115416948214,-9.808244191263805
502,-14.347581463141648,-9.32925821573789,-12.31316689156724,-9.787889400912425
503,-14.51838600390657,-9.329257891722534,-12.48287540948491,-9.768451533233197
504,-14.51838600390657,-9.329257891722534,-12.400569507190104,-9.755366320568559
505,-14.51838600390657,-9.329257891722534,-12.360514952467556,-9.735220978269622
506,-14.60378827501354,-9.329257728290274,0,0
507,-14.60378827501354,-9.329257728290274,-12.376741811932225,-9.700666297575513
508,-14.60378827501354,-9.329257728290274,0,0
509,-14.689190759312964,-9.440320322808645,-12.359107602635152,-9.781943549470371
510,-14.689190759312964,-9.440320322808645,0,0
511,-14.689190759312964,-9.440320322808645,-12.315122812619755,-9.737703885163985
512,-14.859995303485906,-9.440319991322486,-12.422490390744764,-9.733938596874887
513,-14.859995303485906,-9.440319991322486,0,0
514,-14.859995303485906,-9.440319991322486,0,0
515,-14.945397794052933,-9.551382580732914,0,0
516,-14.945397794052933,-9.551382580732914,0,0
517,-14.945397794052933,-9.551382580732914,-12.308996689524035,-9.756855056950268
518,-15.03080006644499,-9.551382412560937,-12.2782484864413,-9.746432774758674
519,-15.03080006644499,-9.551382412560937,-12.274375603269192,-9.724591470420146
520,-15.03080006644499,-9.551382412560937,-12.289307031355683,-9.701903643600634
521,-15.116202560217664,-9.66244500174119,0,0
522,-15.116202560217664,-9.66244500174119,-12.244194642914701,-9.783217739792514
523,-15.116202560217664,-9.66244500174119,-12.269125474660907,-9.760008355274092
524,-15.201604834038497,-9.662444831337112,-12.320382412420816,-9.748607343046602
525,-15.201604834038497,-9.662444831337112,-12.249136737133949,-9.730225669983762
526,-15.201604834038497,-9.662444831337112,0,0
527,-15.37240938333358,-9.662444488336211,-12.407443048086126,-9.695099092763549
528,-15.37240938333358,-9.662444488336211,-12.345334835922973,-9.679035403096037
529,-15.37240938333358,-9.662444488336211,-12.308147215078069,-9.661301519388187
530,-15.457811883598495,-9.773507074587855,-12.35350977076596,-9.753266031745998
531,-15.457811883598495,-9.773507074587855,0,0
532,-15.457811883598495,-9.773507074587855,-12.249150963256403,-9.71727242249583
533,-15.543214158439302,-9.773506900638829,-12.357117894434811,-9.706306878558232
534,-15.543214158439302,-9.773506900638829,-12.317416867161562,-9.687455444805748
535,-15.543214158439302,-9.773506900638829,-12.285681567432022,-9.667238178473474
536,-15.628616662419851,-9.884569482747846,-12.27054018516606,-9.75840968809498
537,-15.628616662419851,-9.884569482747846,-12.271489983034547,-9.736435545721033
538,-15.628616662419851,-9.884569482747846,0,0
539,-15.714018938689437,-9.884569306566718,-12.247041523774971,-9.70343319281442
540,-15.714018938689437,-9.884569306566718,-12.181372474701918,-9.672317758301352
541,-15.714018938689437,-9.884569306566718,-12.17667971317986,-9.64781829333573
542,-15.884823724717423,-9.995631711038712,0,0
543,-15.884823724717423,-9.995631711038712,0,0
544,-15.884823724717423,-9.995631711038712,0,0
545,-15.970226003109937,-9.995631532126495,0,0
546,-15.970226003109937,-9.995631532126495,0,0
547,-15.970226003109937,-9.995631532126495,0,0
548,-16.055628280624134,-9.995631352439778,0,0
549,-16.055628280624134,-9.995631352439778,0,0
550,-16.055628280624134,-9.995631352439778,0,0
551,-16.226433073061383,-10.106693748554367,0,0
552,-16.226433073061383,-10.106693748554367,0,0
553,-16.226433073061383,-10.106693748554367,0,0
554,-16.31183535359706,-10.106693566293998,0,0
555,-16.31183535359706,-10.106693566293998,0,0
556,-16.31183535359706,-10.106693566293998,0,0
557,-16.397237871766237,-10.217756139561015,0,0
558,-16.397237871766237,-10.217756139561015,0,0
559,-16.397237871766237,-10.217756139561015,0,0
560,-16.482640152362624,-10.217755955449451,0,0
561,-16.482640152362624,-10.217755955449451,0,0
562,-16.482640152362624,-10.217755955449451,0,0
563,-16.568042674002555,-10.328818526934862,0,0
564,-16.568042674002555,-10.328818526934862,0,0
565,-16.568042674002555,-10.328818526934862,0,0
566,-16.738847237174575,-10.328818153473033,0,0
567,-16.738847237174575,-10.328818153473033,0,0
568,-16.738847237174575,-10.328818153473033,0,0
569,-16.824249766144586,-10.439880723681803,0,0
570,-16.824249766144586,-10.439880723681803,0,0
571,-16.824249766144586,-10.439880723681803,0,0
572,-16.909652049373893,-10.439880535066678,0,0
573,-16.909652049373893,-10.439880535066678,0,0
574,-16.909652049373893,-10.439880535066678,0,0
575,-17.080456615300246,-10.439880153398903,0,0
576,-17.080456615300246,-10.439880153398903,0,0
577,-17.080456615300246,-10.439880153398903,0,0
578,-17.165859148066843,-10.550942718423439,0,0
579,-17.165859148066843,-10.550942718423439,0,0
580,-17.165859148066843,-10.550942718423439,0,0
581,-17.251261433929066,-10.550942525304752,0,0
582,-17.251261433929066,-10.550942525304752,0,0
583,-17.251261433929066,-10.550942525304752,0,0
584,-17.42206600189537,-10.550942136547079,0,0
585,-17.42206600189537,-10.550942136547079,0,0
586,-17.42206600189537,-10.550942136547079,0,0
587,-17.507468285612394,-10.550941939949478,0,0
588,-17.507468285612394,-10.550941939949478,0,0
589,-17.507468285612394,-10.550941939949478,0,0
590,-17.678273111793903,-10.662004303434317,0,0
591,-17.678273111793903,-10.662004303434317,0,0
592,-17.678273111793903,-10.662004303434317,0,0
593,-17.763675398757048,-10.662004104302426,0,0
594,-17.763675398757048,-10.662004104302426,0,0
595,-17.763675398757048,-10.662004104302426,0,0
596,-17.93447996959911,-10.662003703636419,0,0
597,-17.93447996959911,-10.662003703636419,0,0
598,-17.93447996959911,-10.662003703636419,0,0
599,-18.019881991381233,-10.550940744214811,0,0
600,-18.019881991381233,-10.550940744214811,0,0
601,-18.019881991381233,-10.550940744214811,0,0
602,-18.190686560832958,-10.55094033771971,0,0
603,-18.190686560832958,-10.55094033771971,0,0
604,-18.190686560832958,-10.55094033771971,0,0
605,-18.361491129038043,-10.550939927903134,0,0
606,-18.361491129038043,-10.550939927903134,0,0
607,-18.361491129038043,-10.550939927903134,0,0
608,-18.532295426956132,-10.439876756467035,0,0
609,-18.532295426956132,-10.439876756467035,0,0
610,-18.532295426956132,-10.439876756467035,0,0
611,-18.703099993606948,-10.439876338930812,0,0
612,-18.703099993606948,-10.439876338930812,0,0
613,-18.703099993606948,-10.439876338930812,0,0
614,-18.873904559255994,-10.439875917495408,0,0
615,-18.873904559255994,-10.439875917495408,0,0
616,-18.873904559255994,-10.439875917495408,0,0
617,-19.044708847245463,-10.328812732264158,0,0
618,-19.044708847245463,-10.328812732264158,0,0
619,-19.044708847245463,-10.328812732264158,0,0
620,-19.21551341156488,-10.328812303148467,0,0
621,-19.21551341156488,-10.328812303148467,0,0
622,-19.21551341156488,-10.328812303148467,0,0
623,-19.300915693662866,-10.328812087028282,0,0
624,-19.300915693662866,-10.328812087028282,0,0
625,-19.300915693662866,-10.328812087028282,0,0
626,-19.47171997290964,-10.217748894601204,0,0
627,-19.47171997290964,-10.217748894601204,0,0
628,-19.47171997290964,-10.217748894601204,0,0
629,-19.557121967362768,-10.106685918535323,0,0
630,-19.557121967362768,-10.106685918535323,0,0
631,-19.557121967362768,-10.106685918535323,0,0
632,-19.6425239612027,-9.995622940500173,0,0
633,-19.6425239612027,-9.995622940500173,0,0
634,-19.6425239612027,-9.995622940500173,0,0
635,-19.8133282279284,-9.884559738974026,0,0
636,-19.8133282279284,-9.884559738974026,0,0
637,-19.8133282279284,-9.884559738974026,0,0
638,-19.813327938955958,-9.773496981741737,0,0
639,-19.813327938955958,-9.773496981741737,0,0
640,-19.813327938955958,-9.773496981741737,0,0
641,-19.898729923053455,-9.662434000151965,0,0
642,-19.898729923053455,-9.662434000151965,0,0
643,-19.898729923053455,-9.662434000151965,0,0
644,-19.984131906313113,-9.551371018693537,0,0
645,-19.984131906313113,-9.551371018693537,0,0
646,-19.984131906313113,-9.551371018693537,0,0
647,-19.984131323159033,-9.329245502010703,0,0
648,-19.984131323159033,-9.329245502010703,0,0
649,-19.984131323159033,-9.329245502010703,0,0
650,-19.984131031367472,-9.21818274546137,0,0
651,-19.984131031367472,-9.21818274546137,0,0
652,-19.984131031367472,-9.21818274546137,0,0
653,-19.984130448170887,-8.996057229248859,0,0
654,-19.984130448170887,-8.996057229248859,0,0
655,-19.984130448170887,-8.996057229248859,0,0
656,-19.898727890435065,-8.884994694410617,0,0
657,-19.898727890435065,-8.884994694410617,0,0
658,-19.898727890435065,-8.884994694410617,0,0
659,-19.89872730966699,-8.66286917910138,0,0
660,-19.89872730966699,-8.66286917910138,0,0
661,-19.89872730966699,-8.66286917910138,0,0
662,-19.813324758362704,-8.551806643542385,0,0
663,-19.813324758362704,-8.551806643542385,0,0
664,-19.813324758362704,-8.551806643542385,0,0
665,-19.813324469080605,-8.440743885428068,0,0
666,-19.813324469080605,-8.440743885428068,0,0
667,-19.813324469080605,-8.440743885428068,0,0
668,-19.72792163227056,-8.218618590754211,0,0
669,-19.72792163227056,-8.218618590754211,0,0
670,-19.72792163227056,-8.218618590754211,0,0
671,-19.64251880172812,-7.996493295252364,0,0
672,-19.64251880172812,-7.996493295252364,0,0
673,-19.64251880172812,-7.996493295252364,0,0
674,-19.557116259283873,-7.885430757735914,0,0
675,-19.557116259283873,-7.885430757735914,0,0
676,-19.557116259283873,-7.885430757735914,0,0
677,-19.471713437356602,-7.663305459071006,0,0
678,-19.471713437356602,-7.663305459071006,0,0
679,-19.471713437356602,-7.663305459071006,0,0
680,-19.30090837049582,-7.441180377744786,0,0
681,-19.30090837049582,-7.441180377744786,0,0
682,-19.30090837049582,-7.441180377744786,0,0
683,-19.21550584056654,-7.330117835266128,0,0
684,-19.21550584056654,-7.330117835266128,0,0
685,-19.21550584056654,-7.330117835266128,0,0
686,-19.130103312719722,-7.219055292360498,0,0
687,-19.130103312719722,-7.219055292360498,0,0
688,-19.130103312719722,-7.219055292360498,0,0
689,-19.04470050984013,-6.9969299902772395,0,0
690,-19.04470050984013,-6.9969299902772395,0,0
691,-19.04470050984013,-6.9969299902772395,0,0
692,-18.95929798936387,-6.88586744486084,0,0
693,-18.95929798936387,-6.88586744486084,0,0
694,-18.95929798936387,-6.88586744486084,0,0
695,-18.87389519509945,-6.663742139971184,0,0
696,-18.87389519509945,-6.663742139971184,0,0
697,-18.87389519509945,-6.663742139971184,0,0
698,-18.788492680911027,-6.552679592396402,0,0
699,-18.788492680911027,-6.552679592396402,0,0
700,-18.788492680911027,-6.552679592396402,0,0
701,-18.7030901681109,-6.4416170445369705,0,0
702,-18.7030901681109,-6.4416170445369705,0,0
703,-18.7030901681109,-6.4416170445369705,0,0
704,-18.61768738617729,-6.21949173662158,0,0
705,-18.61768738617729,-6.21949173662158,0,0
706,-18.61768738617729,-6.21949173662158,0,0
707,-18.53228487964477,-6.108429187220832,0,0
708,-18.53228487964477,-6.108429187220832,0,0
709,-18.53228487964477,-6.108429187220832,0,0
710,-18.361480143124258,-5.997366843660407,0,0
711,-18.361480143124258,-5.997366843660407,0,0
712,-18.361480143124258,-5.997366843660407,0,0
713,-18.276077377380773,-5.77524153072761,0,0
714,-18.276077377380773,-5.77524153072761,0,0
715,-18.276077377380773,-5.77524153072761,0,0
716,-18.10527265108837,-5.664179180905538,0,0
717,-18.10527265108837,-5.664179180905538,0,0
718,-18.10527265108837,-5.664179180905538,0,0
719,-18.019869895328124,-5.442053866212085,0,0
720,-18.019869895328124,-5.442053866212085,0,0
721,-18.019869895328124,-5.442053866212085,0,0
722,-17.93446740735354,-5.3309913074151485,0,0
723,-17.93446740735354,-5.3309913074151485,0,0
724,-17.93446740735354,-5.3309913074151485,0,0
725,-17.849064660188226,-5.108865992315673,0,0
726,-17.849064660188226,-5.108865992315673,0,0
727,-17.849064660188226,-5.108865992315673,0,0
728,-17.763662178440768,-4.9978034328548855,0,0
729,-17.763662178440768,-4.9978034328548855,0,0
730,-17.763662178440768,-4.9978034328548855,0,0
731,-17.678259696978664,-4.886740872652251,0,0
732,-17.678259696978664,-4.886740872652251,0,0
733,-17.678259696978664,-4.886740872652251,0,0
734,-17.592857220314908,-4.775678312234555,0,0
735,-17.592857220314908,-4.775678312234555,0,0
736,-17.592857220314908,-4.775678312234555,0,0
737,-17.50745474507993,-4.664615749584756,0,0
738,-17.50745474507993,-4.664615749584756,0,0
739,-17.50745474507993,-4.664615749584756,0,0
740,-17.422052273050596,-4.553553187774769,0,0
741,-17.422052273050596,-4.553553187774769,0,0
742,-17.422052273050596,-4.553553187774769,-16.859129601810068,-1.2039303555599496
743,-17.422052273050596,-4.553553187774769,-16.871461406156985,-1.2334104827775292
744,-17.422052273050596,-4.553553187774769,0,0
745,-17.422052273050596,-4.553553187774769,-16.898890475672253,-1.2899987732063134
746,-17.33664980289932,-4.442490624524724,-16.820470697806325,-1.1794339910788922
747,-17.33664980289932,-4.442490624524724,-16.836327178342728,-1.2158565391333065
748,-17.33664980289932,-4.442490624524724,-16.851459972191662,-1.2531440739194988
749,-17.33664955007738,-4.331427863952207,-16.868492898912265,-1.1927009205439512
750,-17.33664955007738,-4.331427863952207,-16.884119171657265,-1.2136375211100336
751,-17.33664955007738,-4.331427863952207,-16.889201718810597,-1.182157876532695
752,-17.336649296990327,-4.2203651060011085,-16.903676971234894,-1.104804936274164
753,-17.336649296990327,-4.2203651060011085,-16.918498152457328,-1.1415785604287456
754,-17.336649296990327,-4.2203651060011085,0,0
755,-17.251247084520053,-4.220365300187337,-16.856429951127517,-1.1816709207770493
756,-17.251247084520053,-4.220365300187337,-16.866133463095906,-1.2039904515406437
757,-17.251247084520053,-4.220365300187337,-16.88190043373835,-1.2251155638348505
758,-17.165844619268313,-4.109302734706896,-16.811614109891565,-1.1444827742850268
759,-17.165844619268313,-4.109302734706896,-16.82497779617343,-1.1607720900610299
760,-17.165844619268313,-4.109302734706896,-16.838204581872255,-1.175915582508845
761,-17.1658443687737,-3.9982399752696756,-16.851431117076466,-1.0799963155194399
762,-17.1658443687737,-3.9982399752696756,-16.863123261634986,-1.080347586356627
763,-17.1658443687737,-3.9982399752696756,-16.87777335676084,-1.1091667511671517
764,-17.08044215863076,-3.99824016738124,0,0
765,-17.08044215863076,-3.99824016738124,0,0
766,-17.08044215863076,-3.99824016738124,-16.834678180348362,-1.160897911161252
767,-17.08044215863076,-3.99824016738124,-16.849991079983116,-1.1527934970020937
768,-17.08044215863076,-3.99824016738124,-16.863290828844644,-1.1680205257775196
769,-17.08044215863076,-3.99824016738124,-16.874209739507553,-1.1785305492511178
770,-16.99503994738486,-3.9982403586789443,-16.805800592660315,-1.2327337639250326
771,-16.99503994738486,-3.9982403586789443,-16.816325699772463,-1.1907319567138717
772,-16.99503994738486,-3.9982403586789443,-16.831987064678916,-1.2441214293898075
773,-16.909637490647103,-3.8871777902674642,-16.75555404343076,-1.1414585978405682
774,-16.909637490647103,-3.8871777902674642,-16.768853792292287,-1.1566856266159942
775,-16.909637490647103,-3.8871777902674642,0,0
776,-16.909637490647103,-3.8871777902674642,-16.79361221962162,-1.2318880685872458
777,-16.909637490647103,-3.8871777902674642,-16.805322177139008,-1.2107320182419672
778,-16.909637490647103,-3.8871777902674642,-16.81106488774995,-1.2282888240601788
779,-16.909637244052295,-3.7761150301010824,-16.823997373326158,-1.1203637971870997
780,-16.909637244052295,-3.7761150301010824,-16.830949172089475,-1.143920968742358
781,-16.909637244052295,-3.7761150301010824,-16.848376645625414,-1.1362755088697298
782,-16.824235035358363,-3.776115219363481,-16.774157959119343,-1.188773870341651
783,-16.824235035358363,-3.776115219363481,-16.78416333654726,-1.183116550099419
784,-16.824235035358363,-3.776115219363481,-16.794718102402232,-1.2100301147354253
785,-16.824234789906978,-3.665052460560143,-16.804943890259278,-1.093062937623495
786,-16.824234789906978,-3.665052460560143,-16.80964997614427,-1.1459809240891747
787,-16.824234789906978,-3.665052460560143,-16.822920736210126,-1.113764847370442
788,-16.738832581457928,-3.6650526492448368,0,0
789,-16.738832581457928,-3.6650526492448368,-16.75609182061274,-1.141290780983629
790,-16.738832581457928,-3.6650526492448368,0,0
791,-16.73883233694557,-3.553989890434794,-16.774484404760926,-1.0703256175301101
792,-16.73883233694557,-3.553989890434794,-16.78781434329512,-1.0441309559743788
793,-16.73883233694557,-3.553989890434794,-16.79795353520278,-1.0812616969075775
794,-16.653430132151442,-3.5539900778980433,-16.72450755962686,-1.150284812420638
795,-16.653430132151442,-3.5539900778980433,-16.733923964657855,-1.1536743475211928
796,-16.653430132151442,-3.5539900778980433,0,0
797,-16.653430132151442,-3.5539900778980433,-16.75951078857362,-1.1490460069635215
798,-16.653430132151442,-3.5539900778980433,0,0
799,-16.653430132151442,-3.5539900778980433,-16.78561937828,-1.1944209902856389
800,-16.568027925580438,-3.5539902644293546,-16.714677249506146,-1.1915862714333594
801,-16.568027925580438,-3.5539902644293546,0,0
802,-16.568027925580438,-3.5539902644293546,0,0
803,-16.568027684049092,-3.4429275046364523,-16.74972730434172,-1.1155526306371382
804,-16.568027684049092,-3.4429275046364523,-16.763165905600886,-1.1298637443563742
805,-16.482625480214224,-3.442927690405946,-16.694639730537457,-1.1213473891540748
806,-16.482625480214224,-3.442927690405946,-16.70696631824514,-1.1485248597443882
807,-16.482625480214224,-3.442927690405946,-16.720108059373093,-1.1786720306426908
808,-16.482625480214224,-3.442927690405946,-16.73054166249165,-1.1943423059163343
809,-16.482625480214224,-3.442927690405946,-16.74983899607835,-1.1552151632798342
810,-16.482625480214224,-3.442927690405946,0,0
811,-16.482625480214224,-3.442927690405946,-16.76897260308607,-1.251261627765754
812,-16.397223036276788,-3.33186511629041,-16.690883582353173,-1.1820106997891573
813,-16.397223036276788,-3.33186511629041,-16.712157300562485,-1.16346760970367
814,-16.397223036276788,-3.33186511629041,-16.72204467694605,-1.2055131224759608
815,-16.397223036276788,-3.33186511629041,-16.73631018067101,-1.2183957108657317
816,-16.397223036276788,-3.33186511629041,0,0
817,-16.397223036276788,-3.33186511629041,-16.768443183713195,-1.2205876032896654
818,-16.31182059552476,-3.220802540778451,0,0
819,-16.31182059552476,-3.220802540778451,0,0
820,-16.31182059552476,-3.220802540778451,0,0
821,-16.311820357504644,-3.109739780823112,0,0
822,-16.311820357504644,-3.109739780823112,-16.755171560996573,-1.1676499150025286
823,-16.311820357504644,-3.109739780823112,-16.765476894877814,-1.2315993746670466
824,-16.226417918650906,-2.998677205037342,-16.700676443739553,-1.1361534654416403
825,-16.226417918650906,-2.998677205037342,-16.722538123494164,-1.164040520712876
826,-16.226417918650906,-2.998677205037342,-16.732930402417075,-1.216575479945328
827,-16.141015484206957,-2.887614627463261,-16.662564772033516,-1.1551330135157367
828,-16.141015484206957,-2.887614627463261,0,0
829,-16.1410152484737,-2.7765518684506976,-16.713110646496297,-1.081898939780583
830,-16.1410152484737,-2.7765518684506976,-16.726976968023095,-1.1416535832382482
831,-16.1410152484737,-2.7765518684506976,-16.740630043284888,-1.2003114664919474
832,-16.1410152484737,-2.7765518684506976,-16.765288421328716,-1.2240043489421102
833,-16.05561281705123,-2.665489289729615,-16.69257843448476,-1.1785389033769846
834,-16.05561281705123,-2.665489289729615,-16.712501825077563,-1.22615377709432
835,-16.05561281705123,-2.665489289729615,-16.729929257107102,-1.2678289189831047
836,-15.970210388589532,-2.5544267113560615,-16.669193291787277,-1.1897142625794344
837,-15.970210388589532,-2.5544267113560615,-16.689494513423828,-1.2310060810307346
838,-15.970210388589532,-2.5544267113560615,-16.72521026810512,-1.246772515420981
839,-15.970210155468953,-2.443363951666962,-16.723900095796054,-1.215270800960937
840,-15.970210155468953,-2.443363951666962,0,0
841,-15.970210155468953,-2.443363951666962,-16.783827501207128,-1.2673117712238082
842,-15.88480773029385,-2.3323013709516376,-16.723990738017964,-1.1914054484971017
843,-15.88480773029385,-2.3323013709516376,0,0
844,-15.88480773029385,-2.3323013709516376,-16.751474827004174,-1.2765001795435338
845,-15.799405308119992,-2.2212387900630395,0,0
846,-15.799405308119992,-2.2212387900630395,0,0
847,-15.799405308119992,-2.2212387900630395,0,0
848,-15.714003116105943,-2.221238966732699,-16.671457469802696,-1.287231380110534
849,-15.714003116105943,-2.221238966732699,-16.67912138926702,-1.3300356417710928
850,-15.714003116105943,-2.221238966732699,-16.699723048530906,-1.354740588334311
851,-15.628600697852121,-2.110176382714562,0,0
852,-15.628600697852121,-2.110176382714562,-16.646478784701607,-1.2968705628132806
853,-15.628600697852121,-2.110176382714562,-16.67219744785992,-1.3131603012755557
854,-15.628600469815243,-1.9991136242085275,-16.67621842739295,-1.2370812320415894
855,-15.628600469815243,-1.9991136242085275,0,0
856,-15.628600469815243,-1.9991136242085275,0,0
857,-15.543198281251716,-1.999113799000319,0,0
858,-15.543198281251716,-1.999113799000319,0,0
859,-15.543198281251716,-1.999113799000319,0,0
860,-15.543198281251716,-1.999113799000319,0,0
861,-15.543198281251716,-1.999113799000319,0,0
862,-15.457795867877193,-1.8880512133688496,0,0
863,-15.457795867877193,-1.8880512133688496,0,0
864,-15.457795867877193,-1.8880512133688496,-16.63590075848773,-1.3136830860595152
865,-15.457795867877193,-1.8880512133688496,-16.668141653415148,-1.3131815579080983
866,-15.457795867877193,-1.8880512133688496,0,0
867,-15.457795867877193,-1.8880512133688496,0,0
868,-15.457795867877193,-1.8880512133688496,0,0
869,-15.457795867877193,-1.8880512133688496,-16.725330074641967,-1.3506207669309256
870,-15.457795867877193,-1.8880512133688496,0,0
871,-15.457795867877193,-1.8880512133688496,-16.738581504289357,-1.3771949995835286
872,-15.37239368027293,-1.8880513864668855,-16.686006497667083,-1.3746022521981807
873,-15.37239368027293,-1.8880513864668855,0,0
874,-15.372393455911212,-1.7769886275489921,-16.713258729113367,-1.2773661430623025
875,-15.372393455911212,-1.7769886275489921,-16.71374614384954,-1.2909760946041526
876,-15.372393455911212,-1.7769886275489921,-16.724924180781677,-1.3006025920816728
877,-15.372393455911212,-1.7769886275489921,0,0
878,-15.372393455911212,-1.7769886275489921,0,0
879,-15.372393455911212,-1.7769886275489921,-16.76454449795553,-1.3269361692368817
880,-15.28699126991989,-1.7769887996884144,-16.690320348896346,-1.3365628388538244
881,-15.28699126991989,-1.7769887996884144,-16.701498385828486,-1.3461893363313444
882,-15.28699126991989,-1.7769887996884144,-16.712676422760627,-1.3558158338088648
883,-15.28699126991989,-1.7769887996884144,-16.727752358726875,-1.3647291894298577
884,-15.28699126991989,-1.7769887996884144,0,0
885,-15.28699126991989,-1.7769887996884144,0,0
886,-15.28699126991989,-1.7769887996884144,0,0
887,-15.201588861914416,-1.6659262109315394,-16.662356382965534,-1.3029657900979534
888,-15.201588861914416,-1.6659262109315394,-16.668001771832405,-1.3148880021460325
889,-15.201588861914416,-1.6659262109315394,0,0
890,-15.201588861914416,-1.6659262109315394,-16.700985606357307,-1.3354891770816413
891,-15.201588861914416,-1.6659262109315394,0,0
892,-15.201588861914416,-1.6659262109315394,-16.722438786163245,-1.3602063704933154
893,-15.201588861914416,-1.6659262109315394,0,0
894,-15.201588861914416,-1.6659262109315394,-16.717940701043045,-1.4003665817082527
895,-15.201588861914416,-1.6659262109315394,-16.74455901215297,-1.4121141387904272
896,-15.116186457339229,-1.5548636216271856,-16.625255973122655,-1.325711764932913
897,-15.116186457339229,-1.5548636216271856,0,0
898,-15.116186457339229,-1.5548636216271856,0,0
899,-15.116186457339229,-1.5548636216271856,0,0
900,-15.116186457339229,-1.5548636216271856,0,0
901,-15.116186236938018,-1.4438008622689114,0,0
902,-15.116186236938018,-1.4438008622689114,0,0
903,-15.116186236938018,-1.4438008622689114,0,0
904,-15.116186236938018,-1.4438008622689114,-16.716403819077776,-1.3942873074902544
905,-15.116186236938018,-1.4438008622689114,-16.762306444840743,-1.4148599850418155
906,-15.030783834935038,-1.3327382724521624,-16.647766749703884,-1.3403363126418837
907,-15.030783615737967,-1.2216755111790896,-16.67539270724516,-1.259940689647998
908,-15.030783615737967,-1.2216755111790896,0,0
909,-15.030783615737967,-1.2216755111790896,0,0
910,-14.945381218798449,-1.1106129213791582,0,0
911,-14.945381218798449,-1.1106129213791582,0,0
912,-14.945381218798449,-1.1106129213791582,-16.6590445018753,-1.3403679401607977
913,-14.945381218798449,-1.1106129213791582,-16.632614309617942,-1.3754863519043328
914,-14.945381000520168,-0.9995501624997575,-16.653064643862763,-1.3107637772425285
915,-14.945381000520168,-0.9995501624997575,0,0
916,-14.859978606173092,-0.8884875701437168,0,0
917,-14.859978606173092,-0.8884875701437168,0,0
918,-14.859978606173092,-0.8884875701437168,0,0
919,-14.859978389343826,-0.7774248101984625,0,0
920,-14.859978389343826,-0.7774248101984625,0,0
921,-14.859978389343826,-0.7774248101984625,0,0
922,-14.859978389343826,-0.7774248101984625,0,0
923,-14.774575998937024,-0.6663622169491187,0,0
924,-14.774575998937024,-0.6663622169491187,0,0
925,-14.68917361085755,-0.5552996226950971,0,0
926,-14.68917361085755,-0.5552996226950971,0,0
927,-14.68917361085755,-0.5552996226950971,0,0
928,-14.689173396355615,-0.4442368638851397,0,0
929,-14.689173396355615,-0.4442368638851397,0,0
930,-14.689173396355615,-0.4442368638851397,0,0
931,-14.689173396355615,-0.4442368638851397,0,0
932,-14.603770800062046,-0.2221115083061162,0,0
933,-14.603770800062046,-0.2221115083061162,0,0
934,-14.518368419413841,-0.11104891147344413,0,0
935,-14.518368419413841,-0.11104891147344413,0,0
936,-14.518368419413841,-0.11104891147344413,0,0
937,-14.518368419413841,-0.11104891147344413,0,0
938,-14.432965831694968,0.11107644496452342,0,0
939,-14.432965831694968,0.11107644496452342,0,0
940,-14.432965621234489,0.22213920418648203,-16.630237379071605,-1.429726898008677
941,-14.432965621234489,0.22213920418648203,0,0
942,-14.432965621234489,0.22213920418648203,0,0
943,-14.432965621234489,0.22213920418648203,0,0
944,-14.347563247997316,0.33320180369406527,0,0
945,-14.347563247997316,0.33320180369406527,0,0
946,-14.262160877291874,0.4442644017665898,0,0
947,-14.262160877291874,0.4442644017665898,0,0
948,-14.262160877291874,0.4442644017665898,0,0
949,-14.176758509342804,0.5553270015746584,0,0
950,-14.176758509342804,0.5553270015746584,0,0
951,-14.176758509342804,0.5553270015746584,0,0
952,-14.091356144639851,0.666389602490369,0,0
953,-14.091356144639851,0.666389602490369,0,0
954,-14.091356144639851,0.666389602490369,0,0
955,-14.091356144639851,0.666389602490369,0,0
956,-14.091355939119383,0.7774523626802166,0,0
957,-14.091355939119383,0.7774523626802166,0,0
958,-14.005953577008874,0.8885149650820486,0,0
959,-14.005953577008874,0.8885149650820486,0,0
960,-14.005953577008874,0.8885149650820486,0,0
961,-13.920551015564554,1.1106403274601144,0,0
962,-13.920551015564554,1.1106403274601144,0,0
963,-13.920551015564554,1.1106403274601144,0,0
964,-13.920551015564554,1.1106403274601144,0,0
965,-13.920551015564554,1.1106403274601144,0,0
966,-13.920551015564554,1.1106403274601144,0,0
967,-13.920551015564554,1.1106403274601144,0,0
968,-13.835148658802858,1.2217029320136255,0,0
969,-13.835148658802858,1.2217029320136255,0,0
970,-13.835148658802858,1.2217029320136255,0,0
971,-13.835148456568982,1.3327656916919441,0,0
972,-13.835148456568982,1.3327656916919441,0,0
973,-13.749746105993943,1.4438282967451659,0,0
974,-13.749746105993943,1.4438282967451659,0,0
975,-13.749746105993943,1.4438282967451659,0,0
976,-13.749746105993943,1.4438282967451659,0,0
977,-13.664343756398402,1.5548909033958829,0,0
978,-13.664343756398402,1.5548909033958829,0,0
979,-13.664343557206248,1.6659536626982927,0,0
980,-13.664343557206248,1.6659536626982927,0,0
981,-13.664343557206248,1.6659536626982927,0,0
982,-13.578941212429296,1.7770162694678124,0,0
983,-13.578941212429296,1.7770162694678124,0,0
984,-13.578941212429296,1.7770162694678124,0,0
985,-13.49353886930576,1.8880788780734108,0,0
986,-13.49353886930576,1.8880788780734108,0,0
987,-13.49353886930576,1.8880788780734108,0,0
988,-13.49353886930576,1.8880788780734108,0,0
989,-13.493538672461172,1.99914163721425,0,0
990,-13.493538672461172,1.99914163721425,0,0
991,-13.408136333951825,2.1102042465950754,0,0
992,-13.408136333951825,2.1102042465950754,0,0
993,-13.408136333951825,2.1102042465950754,0,0
994,-13.408136333951825,2.1102042465950754,0,0
995,-13.408136138291137,2.2212670066769866,0,0
996,-13.408136138291137,2.2212670066769866,0,0
997,-13.408136138291137,2.2212670066769866,0,0
998,-13.322733995727825,2.2212668567177465,0,0
999,-13.322733995727825,2.2212668567177465,0,0
1000,-13.32273380147568,2.332329616631383,0,0
1001,-13.32273380147568,2.332329616631383,0,0
1002,-13.32273380147568,2.332329616631383,0,0
1003,-13.23733146807027,2.4433922275861817,0,0
1004,-13.23733146807027,2.4433922275861817,0,0
1005,-13.23733146807027,2.4433922275861817,0,0
1006,-13.237331274981788,2.5544549871105002,0,0
1007,-13.237331274981788,2.5544549871105002,0,0
1008,-13.237331274981788,2.5544549871105002,0,0
1009,-13.23733108172938,2.665517747098722,0,0
1010,-13.23733108172938,2.665517747098722,0,0
1011,-13.23733108172938,2.665517747098722,0,0
1012,-13.151928754591573,2.7765803592381766,0,0
1013,-13.151928754591573,2.7765803592381766,0,0
1014,-13.151928754591573,2.7765803592381766,0,0
1015,-13.151928562747704,2.8876431201281108,0,0
1016,-13.151928562747704,2.8876431201281108,0,0
1017,-13.151928562747704,2.8876431201281108,0,0
1018,-13.151928370699435,2.9987058798911557,0,0
1019,-13.151928370699435,2.9987058798911557,0,0
1020,-13.151928370699435,2.9987058798911557,0,0
1021,-13.151928370699435,2.9987058798911557,0,0
1022,-13.06652604864533,3.1097684933441823,0,0
1023,-13.06652604864533,3.1097684933441823,0,0
1024,-13.066525858025837,3.220831253199355,0,0
1025,-13.066525858025837,3.220831253199355,0,0
1026,-13.066525858025837,3.220831253199355,0,0
1027,-12.98112353829906,3.3318938662304083,0,0
1028,-12.98112353829906,3.3318938662304083,0,0
1029,-12.98112353829906,3.3318938662304083,0,0
1030,-12.98112334886347,3.442956627739978,0,0
1031,-12.98112334886347,3.442956627739978,0,0
1032,-12.98112334886347,3.442956627739978,0,0
1033,-12.895721032178413,3.5540192418217718,0,0
1034,-12.895721032178413,3.5540192418217718,0,0
1035,-12.895721032178413,3.5540192418217718,0,0
1036,-12.895720843946961,3.6650820023928405,0,0
1037,-12.895720843946961,3.6650820023928405,0,0
1038,-12.895720843946961,3.6650820023928405,0,0
1039,-12.810318532835355,3.7761446193002786,0,0
1040,-12.810318532835355,3.7761446193002786,0,0
1041,-12.810318532835355,3.7761446193002786,0,0
1042,-12.724916223091816,3.8872072358753007,0,0
1043,-12.724916223091816,3.8872072358753007,0,0
1044,-12.724916223091816,3.8872072358753007,0,0
1045,-12.724916223091816,3.8872072358753007,0,0
1046,-12.639513917472714,3.998269853853451,0,0
1047,-12.639513917472714,3.998269853853451,0,0
1048,-12.639513732956896,4.10933261357387,0,0
1049,-12.639513732956896,4.10933261357387,0,0
1050,-12.639513732956896,4.10933261357387,0,0
1051,-12.554111429501196,4.2203952330206,0,0
1052,-12.554111429501196,4.2203952330206,0,0
1053,-12.554111429501196,4.2203952330206,0,0
1054,-12.46870912970042,4.331457852618787,0,0
1055,-12.46870912970042,4.331457852618787,0,0
1056,-12.46870912970042,4.331457852618787,0,0
1057,-12.383306830184994,4.442520474742132,0,0
1058,-12.383306830184994,4.442520474742132,0,0
1059,-12.383306830184994,4.442520474742132,0,0
1060,-12.29790453524328,4.553583096406575,0,0
1061,-12.29790453524328,4.553583096406575,0,0
1062,-12.29790453524328,4.553583096406575,0,0
1063,-12.212502420427835,4.553582958962663,0,0
1064,-12.212502420427835,4.553582958962663,0,0
1065,-12.212502420427835,4.553582958962663,0,0
1066,-12.212502242199857,4.664645719771477,0,0
1067,-12.212502242199857,4.664645719771477,0,0
